"Data Source","World Development Indicators",

"Last Updated Date","2015-12-22",

"Country Name","Country Code","Indicator Name","Indicator Code","1960","1961","1962","1963","1964","1965","1966","1967","1968","1969","1970","1971","1972","1973","1974","1975","1976","1977","1978","1979","1980","1981","1982","1983","1984","1985","1986","1987","1988","1989","1990","1991","1992","1993","1994","1995","1996","1997","1998","1999","2000","2001","2002","2003","2004","2005","2006","2007","2008","2009","2010","2011","2012","2013","2014","2015",
"Aruba","ABW","Agricultural irrigated land (% of total agricultural land)","AG.LND.IRIG.AG.ZS","","","","","","","","","","","","","","","","","","","","","","","","","","","","","","","","","","","","","","","","","","","","","","","","","","","","","","","","",
"Andorra","AND","Agricultural irrigated land (% of total agricultural land)","AG.LND.IRIG.AG.ZS","","","","","","","","","","","","","","","","","","","","","","","","","","","","","","","","","","","","","","","","","","","","","","","","","","","","","","","","",
"Afghanistan","AFG","Agricultural irrigated land (% of total agricultural land)","AG.LND.IRIG.AG.ZS","","","","","","","","","","","","","","","","","","","","","","","","","","","","","","","","","","","","","","","","","","5.6684237014277","4.62214923317352","7.25929833816935","5.50236079238216","5.84014771828014","6.08546557636508","5.94038512265893","5.77947771036666","4.84304932735426","5.00131891321551","5.39171722500659","5.46557636507518","5.51833289369559","","",
"Angola","AGO","Agricultural irrigated land (% of total agricultural land)","AG.LND.IRIG.AG.ZS","","","","","","","","","","","","","","","","","","","","","","","","","","","","","","","","","","","","","","","","","","","","","","","","","","","","","","","","",
"Albania","ALB","Agricultural irrigated land (% of total agricultural land)","AG.LND.IRIG.AG.ZS","","","","","","","","","","","","","","","","","","","","","","","","","","","","","","","","","","","","","","","","","","","","","","","","17.426273458445","9.99153259949196","16.8151169566303","17.0232248397569","17.0108243130724","17.0398734704071","17.2879642887223","","",
"Arab World","ARB","Agricultural irrigated land (% of total agricultural land)","AG.LND.IRIG.AG.ZS","","","","","","","","","","","","","","","","","","","","","","","","","","","","","","","","","","","","","","","","","","","","","","","","","","","","","","","","",
"United Arab Emirates","ARE","Agricultural irrigated land (% of total agricultural land)","AG.LND.IRIG.AG.ZS","","","","","","","","","","","","","","","","","","","","","","","","","","","","","","","","","","","","","","","","","","","","","","","","","","","19.1291215706016","18.0686149936468","12.601519517946","12.4509547475804","","",
"Argentina","ARG","Agricultural irrigated land (% of total agricultural land)","AG.LND.IRIG.AG.ZS","","","","","","","","","","","","","","","","","","","","","","","","","","","","","","","","","","","","","","","","","","","1.05353119415741","","","","","","","","","1.45804250038778","","","","",
"Armenia","ARM","Agricultural irrigated land (% of total agricultural land)","AG.LND.IRIG.AG.ZS","","","","","","","","","","","","","","","","","","","","","","","","","","","","","","","","","","","","","","","","","","","","","","","8.76224094739239","8.82470460642731","8.91432495850741","8.9217202084407","8.94524495677233","9.10429303339026","","9.16711253789905","","",
"American Samoa","ASM","Agricultural irrigated land (% of total agricultural land)","AG.LND.IRIG.AG.ZS","","","","","","","","","","","","","","","","","","","","","","","","","","","","","","","","","","","","","","","","","","","","","","","","","","","","","","","","",
"Antigua and Barbuda","ATG","Agricultural irrigated land (% of total agricultural land)","AG.LND.IRIG.AG.ZS","","","","","","","","","","","","","","","","","","","","","","","","","","","","","","","","","","","","","","","","","","","","","","","","","","","","","","","","",
"Australia","AUS","Agricultural irrigated land (% of total agricultural land)","AG.LND.IRIG.AG.ZS","","","","","","","","","","","","","","","","","","","","","","","","","","","","","","","","","","","","","","","","","","0.549923195084485","0.569351230425056","0.541069397042093","0.545772647747154","0.540268539298078","0.585388285336552","0.451993070849855","0.443578535687583","0.430531820482166","0.461889708465051","0.479163117084228","0.528023991673942","0.599573440560664","","",
"Austria","AUT","Agricultural irrigated land (% of total agricultural land)","AG.LND.IRIG.AG.ZS","","","","","","","","","","","","","","","","","","","","","","","","","","","","","","","","","","","","","","","","","","","","1.00919255690807","","1.22825602996945","","1.36045166995442","","","0.83144677390488","","","1.65257555151896","","",
"Azerbaijan","AZE","Agricultural irrigated land (% of total agricultural land)","AG.LND.IRIG.AG.ZS","","","","","","","","","","","","","","","","","","","","","","","","","","","","","","","","","","","","","","","","","","29.9856709372893","29.9900946279163","29.9289109493964","30.0321773328566","30.0508552935737","30.0357443229605","30.0557132345212","30.0523472155065","29.5251508208438","29.4767978518083","29.4545683309917","29.5262462512845","29.6511384125121","","",
"Burundi","BDI","Agricultural irrigated land (% of total agricultural land)","AG.LND.IRIG.AG.ZS","","","","","","","","","","","","","","","","","","","","","","","","","","","","","","","","","","","","","","","","","","","","","","","","","","","","","","","","",
"Belgium","BEL","Agricultural irrigated land (% of total agricultural land)","AG.LND.IRIG.AG.ZS","","","","","","","","","","","","","","","","","","","","","","","","","","","","","","","","","","","","","","","","","","","","0.136298421807747","","0.245487364620939","","0.4163623082542","","","","","","0.42648709315376","","",
"Benin","BEN","Agricultural irrigated land (% of total agricultural land)","AG.LND.IRIG.AG.ZS","","","","","","","","","","","","","","","","","","","","","","","","","","","","","","","","","","","","","","","","","","","0.511144130757801","","","","","","0.269956458635704","","","","","","","",
"Burkina Faso","BFA","Agricultural irrigated land (% of total agricultural land)","AG.LND.IRIG.AG.ZS","","","","","","","","","","","","","","","","","","","","","","","","","","","","","","","","","","","","","","","","","","","","","","","","","","","","","","","","",
"Bangladesh","BGD","Agricultural irrigated land (% of total agricultural land)","AG.LND.IRIG.AG.ZS","","","","","","","","","","","","","","","","","","","","","","","","","","","","","","","","","","","","","","","","","","","","","51.346133218921","51.1223284287402","52.6185344827586","","","","","","","","","",
"Bulgaria","BGR","Agricultural irrigated land (% of total agricultural land)","AG.LND.IRIG.AG.ZS","","","","","","","","","","","","","","","","","","","","","","","","","","","","","","","","","","","","","","","","","","","","1.48328952309425","","1.02564102564103","","1.42689601250977","","","1.78147268408551","","","","","",
"Bahrain","BHR","Agricultural irrigated land (% of total agricultural land)","AG.LND.IRIG.AG.ZS","","","","","","","","","","","","","","","","","","","","","","","","","","","","","","","","","","","","","","","","","","43.4782608695652","","","","","","","","","","","","","","",
"Bahamas, The","BHS","Agricultural irrigated land (% of total agricultural land)","AG.LND.IRIG.AG.ZS","","","","","","","","","","","","","","","","","","","","","","","","","","","","","","","","","","","","","","","","","","","","","","","","","","","","","","","","",
"Bosnia and Herzegovina","BIH","Agricultural irrigated land (% of total agricultural land)","AG.LND.IRIG.AG.ZS","","","","","","","","","","","","","","","","","","","","","","","","","","","","","","","","","","","","","","","","","","","","","","","","","","","","","","","","",
"Belarus","BLR","Agricultural irrigated land (% of total agricultural land)","AG.LND.IRIG.AG.ZS","","","","","","","","","","","","","","","","","","","","","","","","","","","","","","","","","","","","","","","","","","1.25985977212971","1.27423822714681","1.26864010683285","1.27274757173161","1.27388535031847","1.23911587407904","1.24495289367429","0.594370303913872","0.526492662708637","0.337154416722859","0.338028169014085","0.34106412005457","0.339216135686454","","",
"Belize","BLZ","Agricultural irrigated land (% of total agricultural land)","AG.LND.IRIG.AG.ZS","","","","","","","","","","","","","","","","","","","","","","","","","","","","","","","","","","","","","","","","","","","","","","","","","","","","","","","","",
"Bermuda","BMU","Agricultural irrigated land (% of total agricultural land)","AG.LND.IRIG.AG.ZS","","","","","","","","","","","","","","","","","","","","","","","","","","","","","","","","","","","","","","","","","","","","","","","","","","","","","","","","",
"Bolivia","BOL","Agricultural irrigated land (% of total agricultural land)","AG.LND.IRIG.AG.ZS","","","","","","","","","","","","","","","","","","","","","","","","","","","","","","","","","","","","","","","","","","","","","","","","","0.735858680769954","","","0.797808042549762","","","","",
"Brazil","BRA","Agricultural irrigated land (% of total agricultural land)","AG.LND.IRIG.AG.ZS","","","","","","","","","","","","","","","","","","","","","","","","","","","","","","","","","","","","","","","","","","","","","","","1.63279371224119","1.63968222413653","","","","","","","","",
"Barbados","BRB","Agricultural irrigated land (% of total agricultural land)","AG.LND.IRIG.AG.ZS","","","","","","","","","","","","","","","","","","","","","","","","","","","","","","","","","","","","","","","","","","","","","","","","","","","","","","","","",
"Brunei Darussalam","BRN","Agricultural irrigated land (% of total agricultural land)","AG.LND.IRIG.AG.ZS","","","","","","","","","","","","","","","","","","","","","","","","","","","","","","","","","","","","","","","","","","","0.909090909090909","0.909090909090909","0.909090909090909","0.909090909090909","0","0.87719298245614","","","","","","","","",
"Bhutan","BTN","Agricultural irrigated land (% of total agricultural land)","AG.LND.IRIG.AG.ZS","","","","","","","","","","","","","","","","","","","","","","","","","","","","","","","","","","","","","","","","","","","","7.07635009310987","6.50684931506849","6.40809443507589","6.58578856152513","6.74955595026643","","","","","","","","",
"Botswana","BWA","Agricultural irrigated land (% of total agricultural land)","AG.LND.IRIG.AG.ZS","","","","","","","","","","","","","","","","","","","","","","","","","","","","","","","","","","","","","","","","","","","","0.000542719801519615","0.00116157509582995","0.00773948880676431","0.00116265550517382","0.000814458578963698","0.00579575750550597","0.00254649278493711","0.00290011987162136","0.00134999614286816","0.00424923706879901","0.00425137203370179","","",
"Central African Republic","CAF","Agricultural irrigated land (% of total agricultural land)","AG.LND.IRIG.AG.ZS","","","","","","","","","","","","","","","","","","","","","","","","","","","","","","","","","","","","","","","","","","","","","","","","","","","","","","","","",
"Canada","CAN","Agricultural irrigated land (% of total agricultural land)","AG.LND.IRIG.AG.ZS","","","","","","","","","","","","","","","","","","","","","","","","","","","","","","","","","","","","","","","","","","","","","","1.25057348784206","","","","","1.21703340993795","","","","","",
"Central Europe and the Baltics","CEB","Agricultural irrigated land (% of total agricultural land)","AG.LND.IRIG.AG.ZS","","","","","","","","","","","","","","","","","","","","","","","","","","","","","","","","","","","","","","","","","","","","","","","","","","","","","","","","",
"Switzerland","CHE","Agricultural irrigated land (% of total agricultural land)","AG.LND.IRIG.AG.ZS","","","","","","","","","","","","","","","","","","","","","","","","","","","","","","","","","","","","","","","","","","","","","","","","","","","2.35892089143751","","","","","",
"Channel Islands","CHI","Agricultural irrigated land (% of total agricultural land)","AG.LND.IRIG.AG.ZS","","","","","","","","","","","","","","","","","","","","","","","","","","","","","","","","","","","","","","","","","","9.33333333333333","14.8648648648649","12.1621621621622","6.66666666666667","3.94736842105263","","","0.740740740740741","3.29545454545455","3.51648351648352","4.27083333333333","3.15789473684211","3.71549893842887","","",
"Chile","CHL","Agricultural irrigated land (% of total agricultural land)","AG.LND.IRIG.AG.ZS","","","","","","","","","","","","","","","","","","","","","","","","","","","","","","","","","","","","","","","","","","","","","","","","6.95221148957804","","","","","","","","",
"China","CHN","Agricultural irrigated land (% of total agricultural land)","AG.LND.IRIG.AG.ZS","","","","","","","","","","","","","","","","","","","","","","","","","","","","","","","","","","","","","","","","","","","","9.18038567578512","","","10.4821126051041","","","","","10.4910475694438","","","","",
"Cote d'Ivoire","CIV","Agricultural irrigated land (% of total agricultural land)","AG.LND.IRIG.AG.ZS","","","","","","","","","","","","","","","","","","","","","","","","","","","","","","","","","","","","","","","","","","","","","","","","","","","","","","","","",
"Cameroon","CMR","Agricultural irrigated land (% of total agricultural land)","AG.LND.IRIG.AG.ZS","","","","","","","","","","","","","","","","","","","","","","","","","","","","","","","","","","","","","","","","","","","","","","","","","","","","","","","","",
"Congo, Rep.","COG","Agricultural irrigated land (% of total agricultural land)","AG.LND.IRIG.AG.ZS","","","","","","","","","","","","","","","","","","","","","","","","","","","","","","","","","","","","","","","","","","","","","","","","","","","","","","","","",
"Colombia","COL","Agricultural irrigated land (% of total agricultural land)","AG.LND.IRIG.AG.ZS","","","","","","","","","","","","","","","","","","","","","","","","","","","","","","","","","","","","","","","","","","","","","","","","","","","","0.944368543419381","","1.45172663090531","","",
"Comoros","COM","Agricultural irrigated land (% of total agricultural land)","AG.LND.IRIG.AG.ZS","","","","","","","","","","","","","","","","","","","","","","","","","","","","","","","","","","","","","","","","","","","","","","","","","","","","","","","","",
"Cabo Verde","CPV","Agricultural irrigated land (% of total agricultural land)","AG.LND.IRIG.AG.ZS","","","","","","","","","","","","","","","","","","","","","","","","","","","","","","","","","","","","","","","","","","","","","4.64","","","","","","","","","","","",
"Costa Rica","CRI","Agricultural irrigated land (% of total agricultural land)","AG.LND.IRIG.AG.ZS","","","","","","","","","","","","","","","","","","","","","","","","","","","","","","","","","","","","","","","","","","","","","","1.43490304709141","1.50413223140496","1.55555555555556","1.5170105967652","1.50330396475771","1.54480483782298","","","","","",
"Caribbean small states","CSS","Agricultural irrigated land (% of total agricultural land)","AG.LND.IRIG.AG.ZS","","","","","","","","","","","","","","","","","","","","","","","","","","","","","","","","","","","","","","","","","","","","","","","","","","","","","","","","",
"Cuba","CUB","Agricultural irrigated land (% of total agricultural land)","AG.LND.IRIG.AG.ZS","","","","","","","","","","","","","","","","","","","","","","","","","","","","","","","","","","","","","","","","","","","","","","","","","","","","","","","","",
"Curacao","CUW","Agricultural irrigated land (% of total agricultural land)","AG.LND.IRIG.AG.ZS","","","","","","","","","","","","","","","","","","","","","","","","","","","","","","","","","","","","","","","","","","","","","","","","","","","","","","","","",
"Cayman Islands","CYM","Agricultural irrigated land (% of total agricultural land)","AG.LND.IRIG.AG.ZS","","","","","","","","","","","","","","","","","","","","","","","","","","","","","","","","","","","","","","","","","","","","","","","","","","","","","","","","",
"Cyprus","CYP","Agricultural irrigated land (% of total agricultural land)","AG.LND.IRIG.AG.ZS","","","","","","","","","","","","","","","","","","","","","","","","","","","","","","","","","","","","","","","","","","25","25","23.3766233766234","21.7948717948718","20.9580838323353","21.0191082802548","20.2445652173913","21.1072664359862","22.4137931034483","21.9298245614035","21.4101461736887","21.0481099656357","22.4770642201835","","",
"Czech Republic","CZE","Agricultural irrigated land (% of total agricultural land)","AG.LND.IRIG.AG.ZS","","","","","","","","","","","","","","","","","","","","","","","","","","","","","","","","","","","","","","","","","","","","0.395877254626376","","0.39906103286385","","0.470698987997176","0.235626767200754","0.259495163953763","0.448748228625413","0.472925041380941","0.473372781065089","0.426641384214269","","",
"Germany","DEU","Agricultural irrigated land (% of total agricultural land)","AG.LND.IRIG.AG.ZS","","","","","","","","","","","","","","","","","","","","","","","","","","","","","","","","","","","","","","","","","","","","","","","1.38439749793462","","","2.20893047494966","","","","","","",
"Djibouti","DJI","Agricultural irrigated land (% of total agricultural land)","AG.LND.IRIG.AG.ZS","","","","","","","","","","","","","","","","","","","","","","","","","","","","","","","","","","","","","","","","","","","","","","","","","","","","","","","","",
"Dominica","DMA","Agricultural irrigated land (% of total agricultural land)","AG.LND.IRIG.AG.ZS","","","","","","","","","","","","","","","","","","","","","","","","","","","","","","","","","","","","","","","","","","","","","","","","","","","","","","","","",
"Denmark","DNK","Agricultural irrigated land (% of total agricultural land)","AG.LND.IRIG.AG.ZS","","","","","","","","","","","","","","","","","","","","","","","","","","","","","","","","","","","","","","","","","","7.62331838565022","7.65478424015009","7.58088788562829","7.70975056689342","9.67861100849649","9.66789667896679","9.5381149079985","9.52023988005997","9.64312832194381","12.1477532368621","","","","","",
"Dominican Republic","DOM","Agricultural irrigated land (% of total agricultural land)","AG.LND.IRIG.AG.ZS","","","","","","","","","","","","","","","","","","","","","","","","","","","","","","","","","","","","","","","","","","8.90218687872764","7.92127236580517","7.7741273100616","8.94497310715763","9.93793959453869","9.1932147290029","8.89532478278858","8.85273258239466","8.96954526491448","8.65665415102211","8.69420108468919","","","","",
"Algeria","DZA","Agricultural irrigated land (% of total agricultural land)","AG.LND.IRIG.AG.ZS","","","","","","","","","","","","","","","","","","","","","","","","","","","","","","","","","","","","","","","","","","","","1.80926534304623","1.92733017377567","2.00189269855136","2.0276341031058","2.19383302627751","2.0715098404706","2.13711938134364","2.38125392758737","2.38477336426017","2.51921014892017","2.62963281202482","","",
"East Asia & Pacific (developing only)","EAP","Agricultural irrigated land (% of total agricultural land)","AG.LND.IRIG.AG.ZS","","","","","","","","","","","","","","","","","","","","","","","","","","","","","","","","","","","","","","","","","","","","","","","","","","","","","","","","",
"East Asia & Pacific (all income levels)","EAS","Agricultural irrigated land (% of total agricultural land)","AG.LND.IRIG.AG.ZS","","","","","","","","","","","","","","","","","","","","","","","","","","","","","","","","","","","","","","","","","","","","","","","","","","","","","","","","",
"Europe & Central Asia (developing only)","ECA","Agricultural irrigated land (% of total agricultural land)","AG.LND.IRIG.AG.ZS","","","","","","","","","","","","","","","","","","","","","","","","","","","","","","","","","","","","","","","","","","","","","","","","","","","","","","","","",
"Europe & Central Asia (all income levels)","ECS","Agricultural irrigated land (% of total agricultural land)","AG.LND.IRIG.AG.ZS","","","","","","","","","","","","","","","","","","","","","","","","","","","","","","","","","","","","","","","","","","","","","","","","","","","","","","","","",
"Ecuador","ECU","Agricultural irrigated land (% of total agricultural land)","AG.LND.IRIG.AG.ZS","","","","","","","","","","","","","","","","","","","","","","","","","","","","","","","","","","","","","","","","","","","8.58477970627503","9.26896551724138","9.52570745316859","10.0266666666667","10.2229983879635","10.7528332433891","10.1813297515111","12.6353790613718","12.5638529148939","12.7686799798533","12.6283818886624","12.5765238221986","","",
"Egypt, Arab Rep.","EGY","Agricultural irrigated land (% of total agricultural land)","AG.LND.IRIG.AG.ZS","","","","","","","","","","","","","","","","","","","","","","","","","","","","","","","","","","","","","","","","","","","","","","","","","","","","","","","","",
"Euro area","EMU","Agricultural irrigated land (% of total agricultural land)","AG.LND.IRIG.AG.ZS","","","","","","","","","","","","","","","","","","","","","","","","","","","","","","","","","","","","","","","","","","","","","","","","","","","","","","","","",
"Eritrea","ERI","Agricultural irrigated land (% of total agricultural land)","AG.LND.IRIG.AG.ZS","","","","","","","","","","","","","","","","","","","","","","","","","","","","","","","","","","","","","","","","","","","","","","","","","","","","","","","","",
"Spain","ESP","Agricultural irrigated land (% of total agricultural land)","AG.LND.IRIG.AG.ZS","","","","","","","","","","","","","","","","","","","","","","","","","","","","","","","","","","","","","","","","","","12.6253387533875","12.8488391855604","12.2697492539361","11.7436620687283","11.7096420244137","11.6031174640897","11.8483073846593","11.9387392509417","11.4658562745799","12.0021782537666","12.1196416672836","13.0057159824809","","","",
"Estonia","EST","Agricultural irrigated land (% of total agricultural land)","AG.LND.IRIG.AG.ZS","","","","","","","","","","","","","","","","","","","","","","","","","","","","","","","","","","","","","","","","","","","","","","","","","","","0.0316122233930453","","","0.031055900621118","","",
"Ethiopia","ETH","Agricultural irrigated land (% of total agricultural land)","AG.LND.IRIG.AG.ZS","","","","","","","","","","","","","","","","","","","","","","","","","","","","","","","","","","","","","","","","","","0.323472328412633","0.324611449931143","0.3815610466036","0.36705839702728","0.437319520109553","0.393056489085011","0.512586595204835","0.476255324080781","0.441331999428326","0.510046800997674","0.453128957307874","","","","",
"European Union","EUU","Agricultural irrigated land (% of total agricultural land)","AG.LND.IRIG.AG.ZS","","","","","","","","","","","","","","","","","","","","","","","","","","","","","","","","","","","","","","","","","","","","","","","","","","","","","","","","",
"Fragile and conflict affected situations","FCS","Agricultural irrigated land (% of total agricultural land)","AG.LND.IRIG.AG.ZS","","","","","","","","","","","","","","","","","","","","","","","","","","","","","","","","","","","","","","","","","","","","","","","","","","","","","","","","",
"Finland","FIN","Agricultural irrigated land (% of total agricultural land)","AG.LND.IRIG.AG.ZS","","","","","","","","","","","","","","","","","","","","","","","","","","","","","","","","","","","","","","","","","","2.88028802880288","2.86225402504472","2.84951024042743","2.84065690190857","2.81467147506377","","","","","0.655351455124569","","","0.420633163604162","","",
"Fiji","FJI","Agricultural irrigated land (% of total agricultural land)","AG.LND.IRIG.AG.ZS","","","","","","","","","","","","","","","","","","","","","","","","","","","","","","","","","","","","","","","","","","","","","","","","","","","","","","","","",
"France","FRA","Agricultural irrigated land (% of total agricultural land)","AG.LND.IRIG.AG.ZS","","","","","","","","","","","","","","","","","","","","","","","","","","","","","","","","","","","","","","","","","","","","","","5.66619194690355","","5.08574727012525","","","","","","","","",
"Faeroe Islands","FRO","Agricultural irrigated land (% of total agricultural land)","AG.LND.IRIG.AG.ZS","","","","","","","","","","","","","","","","","","","","","","","","","","","","","","","","","","","","","","","","","","","","","","","","","","","","","","","","",
"Micronesia, Fed. Sts.","FSM","Agricultural irrigated land (% of total agricultural land)","AG.LND.IRIG.AG.ZS","","","","","","","","","","","","","","","","","","","","","","","","","","","","","","","","","","","","","","","","","","","","","","","","","","","","","","","","",
"Gabon","GAB","Agricultural irrigated land (% of total agricultural land)","AG.LND.IRIG.AG.ZS","","","","","","","","","","","","","","","","","","","","","","","","","","","","","","","","","","","","","","","","","","","","","","","","","","","","","","","","",
"United Kingdom","GBR","Agricultural irrigated land (% of total agricultural land)","AG.LND.IRIG.AG.ZS","","","","","","","","","","","","","","","","","","","","","","","","","","","","","","","","","","","","","","","","","","","","1.33934890304317","","1.22906345836282","","0.783135943786479","","","","","","","","",
"Georgia","GEO","Agricultural irrigated land (% of total agricultural land)","AG.LND.IRIG.AG.ZS","","","","","","","","","","","","","","","","","","","","","","","","","","","","","","","","","","","","","","","","","","","","","","","3.9714058776807","4.17163289630513","4.01750198886237","","","","","","","",
"Ghana","GHA","Agricultural irrigated land (% of total agricultural land)","AG.LND.IRIG.AG.ZS","","","","","","","","","","","","","","","","","","","","","","","","","","","","","","","","","","","","","","","","","","","","","","0.0728476821192053","0.117647058823529","0.0714285714285714","","","0.192061459667093","","","","","",
"Guinea","GIN","Agricultural irrigated land (% of total agricultural land)","AG.LND.IRIG.AG.ZS","","","","","","","","","","","","","","","","","","","","","","","","","","","","","","","","","","","","","","","","","","","","0.685446009389671","","","","","","","","","","","","",
"Gambia, The","GMB","Agricultural irrigated land (% of total agricultural land)","AG.LND.IRIG.AG.ZS","","","","","","","","","","","","","","","","","","","","","","","","","","","","","","","","","","","","","","","","","","","","","","","","","","","","","","","","",
"Guinea-Bissau","GNB","Agricultural irrigated land (% of total agricultural land)","AG.LND.IRIG.AG.ZS","","","","","","","","","","","","","","","","","","","","","","","","","","","","","","","","","","","","","","","","","","","","","","","","","","","","","","","","",
"Equatorial Guinea","GNQ","Agricultural irrigated land (% of total agricultural land)","AG.LND.IRIG.AG.ZS","","","","","","","","","","","","","","","","","","","","","","","","","","","","","","","","","","","","","","","","","","","","","","","","","","","","","","","","",
"Greece","GRC","Agricultural irrigated land (% of total agricultural land)","AG.LND.IRIG.AG.ZS","","","","","","","","","","","","","","","","","","","","","","","","","","","","","","","","","","","","","","","","","","","","15.525817148271","","15.9186116098145","17.7224371373308","17.5493879529754","17.3606038470903","16.8336183728317","16.7439589943861","16.8704156479218","16.9040019641542","","","",
"Grenada","GRD","Agricultural irrigated land (% of total agricultural land)","AG.LND.IRIG.AG.ZS","","","","","","","","","","","","","","","","","","","","","","","","","","","","","","","","","","","","","","","","","","","","","","","","","2","","","","","","","",
"Greenland","GRL","Agricultural irrigated land (% of total agricultural land)","AG.LND.IRIG.AG.ZS","","","","","","","","","","","","","","","","","","","","","","","","","","","","","","","","","","","","","","","","","","","","","","","","","","","","","","","","",
"Guatemala","GTM","Agricultural irrigated land (% of total agricultural land)","AG.LND.IRIG.AG.ZS","","","","","","","","","","","","","","","","","","","","","","","","","","","","","","","","","","","","","","","","","","","","6.163112164297","","","","","","","","","","","","",
"Guam","GUM","Agricultural irrigated land (% of total agricultural land)","AG.LND.IRIG.AG.ZS","","","","","","","","","","","","","","","","","","","","","","","","","","","","","","","","","","","","","","","","","","","","","","","","","","","","","","","","",
"Guyana","GUY","Agricultural irrigated land (% of total agricultural land)","AG.LND.IRIG.AG.ZS","","","","","","","","","","","","","","","","","","","","","","","","","","","","","","","","","","","","","","","","","","","","7.46487119437939","","","","","","","","","","","","",
"High income","HIC","Agricultural irrigated land (% of total agricultural land)","AG.LND.IRIG.AG.ZS","","","","","","","","","","","","","","","","","","","","","","","","","","","","","","","","","","","","","","","","","","","","","","","","","","","","","","","","",
"Hong Kong SAR, China","HKG","Agricultural irrigated land (% of total agricultural land)","AG.LND.IRIG.AG.ZS","","","","","","","","","","","","","","","","","","","","","","","","","","","","","","","","","","","","","","","","","","","","","","","","","","","","","","","","",
"Honduras","HND","Agricultural irrigated land (% of total agricultural land)","AG.LND.IRIG.AG.ZS","","","","","","","","","","","","","","","","","","","","","","","","","","","","","","","","","","","","","","","","","","","","","","2.59142857142857","","","","","","","","","","",
"Heavily indebted poor countries (HIPC)","HPC","Agricultural irrigated land (% of total agricultural land)","AG.LND.IRIG.AG.ZS","","","","","","","","","","","","","","","","","","","","","","","","","","","","","","","","","","","","","","","","","","","","","","","","","","","","","","","","",
"Croatia","HRV","Agricultural irrigated land (% of total agricultural land)","AG.LND.IRIG.AG.ZS","","","","","","","","","","","","","","","","","","","","","","","","","","","","","","","","","","","","","","","","","","","","0.752508361204013","1.02040816326531","1.32122213047069","0.32520325203252","0.382695507487521","","0.384733764235149","1.08711950817214","","","1.97403794454259","","",
"Haiti","HTI","Agricultural irrigated land (% of total agricultural land)","AG.LND.IRIG.AG.ZS","","","","","","","","","","","","","","","","","","","","","","","","","","","","","","","","","","","","","","","","","","","","","","","","","","5.39989868231338","","","","4.34782608695652","","",
"Hungary","HUN","Agricultural irrigated land (% of total agricultural land)","AG.LND.IRIG.AG.ZS","","","","","","","","","","","","","","","","","","","","","","","","","","","","","","","","","","","","","","","","","","","","2.54049445865303","2.0450204638472","1.28091420774348","1.34136684455156","2.08179783020493","1.38238341968912","1.84610063980633","0.840351862249673","1.78377365561177","2.23304608467591","2.12172284644195","","",
"Indonesia","IDN","Agricultural irrigated land (% of total agricultural land)","AG.LND.IRIG.AG.ZS","","","","","","","","","","","","","","","","","","","","","","","","","","","","","","","","","","","","","","","","","","","16.0831032979805","11.3810139983531","14.4211670351909","15.2104308914863","","","","","","","","","","",
"Isle of Man","IMN","Agricultural irrigated land (% of total agricultural land)","AG.LND.IRIG.AG.ZS","","","","","","","","","","","","","","","","","","","","","","","","","","","","","","","","","","","","","","","","","","","","","","","","","","","","","","","","",
"India","IND","Agricultural irrigated land (% of total agricultural land)","AG.LND.IRIG.AG.ZS","","","","","","","","","","","","","","","","","","","","","","","","","","","","","","","","","","","","","","","","","","32.2073057893366","31.5330084182543","30.7335963028921","31.6329868329868","32.8692137725814","33.8165486420686","34.9320788330921","34.6501109831606","35.3416487104871","34.4923791438579","35.3987866644404","36.3294775163937","","","",
"Not classified","INX","Agricultural irrigated land (% of total agricultural land)","AG.LND.IRIG.AG.ZS","","","","","","","","","","","","","","","","","","","","","","","","","","","","","","","","","","","","","","","","","","","","","","","","","","","","","","","","",
"Ireland","IRL","Agricultural irrigated land (% of total agricultural land)","AG.LND.IRIG.AG.ZS","","","","","","","","","","","","","","","","","","","","","","","","","","","","","","","","","","","","","","","","","","","","","","","","","","","","","","","","",
"Iran, Islamic Rep.","IRN","Agricultural irrigated land (% of total agricultural land)","AG.LND.IRIG.AG.ZS","","","","","","","","","","","","","","","","","","","","","","","","","","","","","","","","","","","","","","","","","","12.5675696849098","12.7381175441884","12.9106045281257","13.0819092516205","17.9987823056413","18.2124049151551","18.4219832338319","17.4702795330406","17.4503993816027","17.4309754890357","17.4097801937056","17.3865110246433","17.3609757154308","","",
"Iraq","IRQ","Agricultural irrigated land (% of total agricultural land)","AG.LND.IRIG.AG.ZS","","","","","","","","","","","","","","","","","","","","","","","","","","","","","","","","","","","","","","","","","","","","","","","","","","","","","","","","",
"Iceland","ISL","Agricultural irrigated land (% of total agricultural land)","AG.LND.IRIG.AG.ZS","","","","","","","","","","","","","","","","","","","","","","","","","","","","","","","","","","","","","","","","","","","","","","","","","","","","","","","","",
"Israel","ISR","Agricultural irrigated land (% of total agricultural land)","AG.LND.IRIG.AG.ZS","","","","","","","","","","","","","","","","","","","","","","","","","","","","","","","","","","","","","","","","","","31.5508021390374","30.9058614564831","","","","35.6721698113208","30.0135109052307","","28.3773440489858","32.5867195242815","","","","","",
"Italy","ITA","Agricultural irrigated land (% of total agricultural land)","AG.LND.IRIG.AG.ZS","","","","","","","","","","","","","","","","","","","","","","","","","","","","","","","","","","","","","","","","","","15.9398787253258","","18.3336687462266","","17.7320846905537","","18.8250247140234","","","16.8274264018202","","","19.0829053558327","","",
"Jamaica","JAM","Agricultural irrigated land (% of total agricultural land)","AG.LND.IRIG.AG.ZS","","","","","","","","","","","","","","","","","","","","","","","","","","","","","","","","","","","","","","","","","","","","","","","","","","","6.91441441441441","","","","","",
"Jordan","JOR","Agricultural irrigated land (% of total agricultural land)","AG.LND.IRIG.AG.ZS","","","","","","","","","","","","","","","","","","","","","","","","","","","","","","","","","","","","","","","","","","7.14285714285714","7.31707317073171","7.06467661691542","7.32883317261331","7.89733464955577","7.4852652259332","7.47430706944877","9.54241645244216","9.24878048780488","9.61787887857927","9.60502692998205","9.15877117427505","9.78610637895135","","",
"Japan","JPN","Agricultural irrigated land (% of total agricultural land)","AG.LND.IRIG.AG.ZS","","","","","","","","","","","","","","","","","","","","","","","","","","","","","","","","","","","","","","","","","","35.468391404131","35.3348729792148","35.0506756756757","35.9991514637251","36.2745098039216","36.0522372083066","35.8924731182796","35.0907519446845","35.170318941202","35.3799259743087","34.5099758824819","34.7109254781271","35.1994710160899","","",
"Kazakhstan","KAZ","Agricultural irrigated land (% of total agricultural land)","AG.LND.IRIG.AG.ZS","","","","","","","","","","","","","","","","","","","","","","","","","","","","","","","","","","","","","","","","","","","","","","","","","","","0.582514972706986","","","","","",
"Kenya","KEN","Agricultural irrigated land (% of total agricultural land)","AG.LND.IRIG.AG.ZS","","","","","","","","","","","","","","","","","","","","","","","","","","","","","","","","","","","","","","","","","","0.0447110548083014","0.0261018718770975","0.111632060727841","0.0407528156490812","0.0407377231316199","0.0462038885192578","0.0354636128555597","0.0335979324349271","0.0370166758292102","","","","","","",
"Kyrgyz Republic","KGZ","Agricultural irrigated land (% of total agricultural land)","AG.LND.IRIG.AG.ZS","","","","","","","","","","","","","","","","","","","","","","","","","","","","","","","","","","","","","","","","","","9.53043801039347","9.53043801039347","9.47416974169742","9.49860724233983","9.31596091205212","9.30845859231579","9.31342393229312","9.30531732418525","9.39504393772428","9.40453641666431","9.42263279445728","9.43982325115897","","","",
"Cambodia","KHM","Agricultural irrigated land (% of total agricultural land)","AG.LND.IRIG.AG.ZS","","","","","","","","","","","","","","","","","","","","","","","","","","","","","","","","","","","","","","","","","","","","","","","","","","","","","","","","",
"Kiribati","KIR","Agricultural irrigated land (% of total agricultural land)","AG.LND.IRIG.AG.ZS","","","","","","","","","","","","","","","","","","","","","","","","","","","","","","","","","","","","","","","","","","","","","","","","","","","","","","","","",
"St. Kitts and Nevis","KNA","Agricultural irrigated land (% of total agricultural land)","AG.LND.IRIG.AG.ZS","","","","","","","","","","","","","","","","","","","","","","","","","","","","","","","","","","","","","","","","","","","","","","0.8","7.98403193612774","7.85854616895874","7.84313725490196","7.27272727272727","10.5263157894737","13.3333333333333","13.3333333333333","","","",
"Korea, Rep.","KOR","Agricultural irrigated land (% of total agricultural land)","AG.LND.IRIG.AG.ZS","","","","","","","","","","","","","","","","","","","","","","","","","","","","","","","","","","","","","","","","","","","54.872329338197","53.4174553101998","52.879027997887","52.0999468367889","51.3993541442411","51.6304347826087","","","","","","","","",
"Kosovo","KSV","Agricultural irrigated land (% of total agricultural land)","AG.LND.IRIG.AG.ZS","","","","","","","","","","","","","","","","","","","","","","","","","","","","","","","","","","","","","","","","","","","","","","","","","","","","","","","","",
"Kuwait","KWT","Agricultural irrigated land (% of total agricultural land)","AG.LND.IRIG.AG.ZS","","","","","","","","","","","","","","","","","","","","","","","","","","","","","","","","","","","","","","","","","","","","","","","","","","","","","","","","",
"Latin America & Caribbean (developing only)","LAC","Agricultural irrigated land (% of total agricultural land)","AG.LND.IRIG.AG.ZS","","","","","","","","","","","","","","","","","","","","","","","","","","","","","","","","","","","","","","","","","","","","","","","","","","","","","","","","",
"Lao PDR","LAO","Agricultural irrigated land (% of total agricultural land)","AG.LND.IRIG.AG.ZS","","","","","","","","","","","","","","","","","","","","","","","","","","","","","","","","","","","","","","","","","","","","15.7095761381476","9.275950668037","13.6377833753149","","","","","","","","","","",
"Lebanon","LBN","Agricultural irrigated land (% of total agricultural land)","AG.LND.IRIG.AG.ZS","","","","","","","","","","","","","","","","","","","","","","","","","","","","","","","","","","","","","","","","","","","","18.9792663476874","19.7399342002193","20.0612557427259","20.9131075110457","20.2333481022006","","","","","","","","",
"Liberia","LBR","Agricultural irrigated land (% of total agricultural land)","AG.LND.IRIG.AG.ZS","","","","","","","","","","","","","","","","","","","","","","","","","","","","","","","","","","","","","","","","","","","","","","","","","","","","","","","","",
"Libya","LBY","Agricultural irrigated land (% of total agricultural land)","AG.LND.IRIG.AG.ZS","","","","","","","","","","","","","","","","","","","","","","","","","","","","","","","","","","","","","","","","","","","","","","","","","","","","","","","","",
"St. Lucia","LCA","Agricultural irrigated land (% of total agricultural land)","AG.LND.IRIG.AG.ZS","","","","","","","","","","","","","","","","","","","","","","","","","","","","","","","","","","","","","","","","","","","","","","","","","","","","","","","","",
"Latin America & Caribbean (all income levels)","LCN","Agricultural irrigated land (% of total agricultural land)","AG.LND.IRIG.AG.ZS","","","","","","","","","","","","","","","","","","","","","","","","","","","","","","","","","","","","","","","","","","","","","","","","","","","","","","","","",
"Least developed countries: UN classification","LDC","Agricultural irrigated land (% of total agricultural land)","AG.LND.IRIG.AG.ZS","","","","","","","","","","","","","","","","","","","","","","","","","","","","","","","","","","","","","","","","","","","","","","","","","","","","","","","","",
"Low income","LIC","Agricultural irrigated land (% of total agricultural land)","AG.LND.IRIG.AG.ZS","","","","","","","","","","","","","","","","","","","","","","","","","","","","","","","","","","","","","","","","","","","","","","","","","","","","","","","","",
"Liechtenstein","LIE","Agricultural irrigated land (% of total agricultural land)","AG.LND.IRIG.AG.ZS","","","","","","","","","","","","","","","","","","","","","","","","","","","","","","","","","","","","","","","","","","","","","","","","","","","","","","","","",
"Sri Lanka","LKA","Agricultural irrigated land (% of total agricultural land)","AG.LND.IRIG.AG.ZS","","","","","","","","","","","","","","","","","","","","","","","","","","","","","","","","","","","","","","","","","","","","","","","","","","","","","","","","",
"Lower middle income","LMC","Agricultural irrigated land (% of total agricultural land)","AG.LND.IRIG.AG.ZS","","","","","","","","","","","","","","","","","","","","","","","","","","","","","","","","","","","","","","","","","","","","","","","","","","","","","","","","",
"Low & middle income","LMY","Agricultural irrigated land (% of total agricultural land)","AG.LND.IRIG.AG.ZS","","","","","","","","","","","","","","","","","","","","","","","","","","","","","","","","","","","","","","","","","","","","","","","","","","","","","","","","",
"Lesotho","LSO","Agricultural irrigated land (% of total agricultural land)","AG.LND.IRIG.AG.ZS","","","","","","","","","","","","","","","","","","","","","","","","","","","","","","","","","","","","","","","","","","","","","","","","","0.0338696020321761","0.0342026507054297","0.0343938091143594","0.0389273356401384","0.0481337242375181","0.0532836019714933","","",
"Lithuania","LTU","Agricultural irrigated land (% of total agricultural land)","AG.LND.IRIG.AG.ZS","","","","","","","","","","","","","","","","","","","","","","","","","","","","","","","","","","","","","","","","","","","","","","0.00810715544589355","","0.0370933639971809","","","","","","","","",
"Luxembourg","LUX","Agricultural irrigated land (% of total agricultural land)","AG.LND.IRIG.AG.ZS","","","","","","","","","","","","","","","","","","","","","","","","","","","","","","","","","","","","","","","","","","","","","","","","","","","","","","","","",
"Latvia","LVA","Agricultural irrigated land (% of total agricultural land)","AG.LND.IRIG.AG.ZS","","","","","","","","","","","","","","","","","","","","","","","","","","","","","","","","","","","","","","","","","","","","","","","","0.0337139749864057","","","0.0664819944598338","","","","","",
"Macao SAR, China","MAC","Agricultural irrigated land (% of total agricultural land)","AG.LND.IRIG.AG.ZS","","","","","","","","","","","","","","","","","","","","","","","","","","","","","","","","","","","","","","","","","","","","","","","","","","","","","","","","",
"St. Martin (French part)","MAF","Agricultural irrigated land (% of total agricultural land)","AG.LND.IRIG.AG.ZS","","","","","","","","","","","","","","","","","","","","","","","","","","","","","","","","","","","","","","","","","","","","","","","","","","","","","","","","",
"Morocco","MAR","Agricultural irrigated land (% of total agricultural land)","AG.LND.IRIG.AG.ZS","","","","","","","","","","","","","","","","","","","","","","","","","","","","","","","","","","","","","","","","","","","","","4.29746013781166","4.3049118009937","3.87998397114807","4.08611481975968","4.39278209532704","4.5679374454214","4.54810709510042","4.6057308379673","","","","",
"Monaco","MCO","Agricultural irrigated land (% of total agricultural land)","AG.LND.IRIG.AG.ZS","","","","","","","","","","","","","","","","","","","","","","","","","","","","","","","","","","","","","","","","","","","","","","","","","","","","","","","","",
"Moldova","MDA","Agricultural irrigated land (% of total agricultural land)","AG.LND.IRIG.AG.ZS","","","","","","","","","","","","","","","","","","","","","","","","","","","","","","","","","","","","","","","","","","11.0673493501378","9.00552486187845","9.02294303797468","9.04440919904837","9.12765106042417","9.1864679822795","9.05432595573441","9.18984280532043","9.22330097087379","9.24949290060852","","","","","",
"Madagascar","MDG","Agricultural irrigated land (% of total agricultural land)","AG.LND.IRIG.AG.ZS","","","","","","","","","","","","","","","","","","","","","","","","","","","","","","","","","","","","","","","","","","2.17907597385109","2.17907597385109","2.17907597385109","2.17907597385109","2.17641161078913","2.17641161078913","2.17641161078913","2.16571359046113","2.15001811813021","","","","","","",
"Maldives","MDV","Agricultural irrigated land (% of total agricultural land)","AG.LND.IRIG.AG.ZS","","","","","","","","","","","","","","","","","","","","","","","","","","","","","","","","","","","","","","","","","","","","","","","","","","","","","","","","",
"Middle East & North Africa (all income levels)","MEA","Agricultural irrigated land (% of total agricultural land)","AG.LND.IRIG.AG.ZS","","","","","","","","","","","","","","","","","","","","","","","","","","","","","","","","","","","","","","","","","","","","","","","","","","","","","","","","",
"Mexico","MEX","Agricultural irrigated land (% of total agricultural land)","AG.LND.IRIG.AG.ZS","","","","","","","","","","","","","","","","","","","","","","","","","","","","","","","","","","","","","","","","","","","","1.90708587517597","1.95270714084639","5.05489349723187","5.06709205217228","4.97750702905342","5.26029708073661","5.27248020242725","5.54238320603533","6.06250878590506","5.36151070708964","5.42992362119863","","",
"Marshall Islands","MHL","Agricultural irrigated land (% of total agricultural land)","AG.LND.IRIG.AG.ZS","","","","","","","","","","","","","","","","","","","","","","","","","","","","","","","","","","","","","","","","","","","","","","","","","","","","","","","","",
"Middle income","MIC","Agricultural irrigated land (% of total agricultural land)","AG.LND.IRIG.AG.ZS","","","","","","","","","","","","","","","","","","","","","","","","","","","","","","","","","","","","","","","","","","","","","","","","","","","","","","","","",
"Macedonia, FYR","MKD","Agricultural irrigated land (% of total agricultural land)","AG.LND.IRIG.AG.ZS","","","","","","","","","","","","","","","","","","","","","","","","","","","","","","","","","","","","","","","","","","","","","","","","7.39776951672862","","","","","","","","",
"Mali","MLI","Agricultural irrigated land (% of total agricultural land)","AG.LND.IRIG.AG.ZS","","","","","","","","","","","","","","","","","","","","","","","","","","","","","","","","","","","","","","","","","","","","","","","","","","","","","","","","",
"Malta","MLT","Agricultural irrigated land (% of total agricultural land)","AG.LND.IRIG.AG.ZS","","","","","","","","","","","","","","","","","","","","","","","","","","","","","","","","","","","","","","","","","","","","20.1923076923077","","25.8064516129032","","30.1075268817204","30.1075268817204","30.1075268817204","33.8818973862536","33.8818973862536","33.9805825242718","36.1681329423265","","",
"Myanmar","MMR","Agricultural irrigated land (% of total agricultural land)","AG.LND.IRIG.AG.ZS","","","","","","","","","","","","","","","","","","","","","","","","","","","","","","","","","","","","","","","","","","","","22.8373702422145","23.1997834325934","23.404066412146","24.8081400362163","24.7580106809079","","","","","","","","",
"Middle East & North Africa (developing only)","MNA","Agricultural irrigated land (% of total agricultural land)","AG.LND.IRIG.AG.ZS","","","","","","","","","","","","","","","","","","","","","","","","","","","","","","","","","","","","","","","","","","","","","","","","","","","","","","","","",
"Montenegro","MNE","Agricultural irrigated land (% of total agricultural land)","AG.LND.IRIG.AG.ZS","","","","","","","","","","","","","","","","","","","","","","","","","","","","","","","","","","","","","","","","","","","","","","","","","","","","","","","","",
"Mongolia","MNG","Agricultural irrigated land (% of total agricultural land)","AG.LND.IRIG.AG.ZS","","","","","","","","","","","","","","","","","","","","","","","","","","","","","","","","","","","","","","","","","","","","","","","","","","","","","","","","",
"Northern Mariana Islands","MNP","Agricultural irrigated land (% of total agricultural land)","AG.LND.IRIG.AG.ZS","","","","","","","","","","","","","","","","","","","","","","","","","","","","","","","","","","","","","","","","","","","","","","","","","","","","","","","","",
"Mozambique","MOZ","Agricultural irrigated land (% of total agricultural land)","AG.LND.IRIG.AG.ZS","","","","","","","","","","","","","","","","","","","","","","","","","","","","","","","","","","","","","","","","","","0.0830259067357513","","","","","","","","","","","","","","",
"Mauritania","MRT","Agricultural irrigated land (% of total agricultural land)","AG.LND.IRIG.AG.ZS","","","","","","","","","","","","","","","","","","","","","","","","","","","","","","","","","","","","","","","","","","","","","0.0575880587983157","","","","","","","","","","","",
"Mauritius","MUS","Agricultural irrigated land (% of total agricultural land)","AG.LND.IRIG.AG.ZS","","","","","","","","","","","","","","","","","","","","","","","","","","","","","","","","","","","","","","","","","","","21","22.2222222222222","21.4285714285714","21.875","22.3404255319149","22.8260869565217","23.0769230769231","23.0769230769231","21.978021978022","22.4719101123595","21.8390804597701","22.093023255814","","",
"Malawi","MWI","Agricultural irrigated land (% of total agricultural land)","AG.LND.IRIG.AG.ZS","","","","","","","","","","","","","","","","","","","","","","","","","","","","","","","","","","","","","","","","","","","","","","0.579150579150579","0.529801324503311","0.74222668004012","0.533578656853726","","","","","","","",
"Malaysia","MYS","Agricultural irrigated land (% of total agricultural land)","AG.LND.IRIG.AG.ZS","","","","","","","","","","","","","","","","","","","","","","","","","","","","","","","","","","","","","","","","","","","","","","","","","","","","","","","","",
"North America","NAC","Agricultural irrigated land (% of total agricultural land)","AG.LND.IRIG.AG.ZS","","","","","","","","","","","","","","","","","","","","","","","","","","","","","","","","","","","","","","","","","","","","","","","","","","","","","","","","",
"Namibia","NAM","Agricultural irrigated land (% of total agricultural land)","AG.LND.IRIG.AG.ZS","","","","","","","","","","","","","","","","","","","","","","","","","","","","","","","","","","","","","","","","","","","","","","","","","","","","","","","","",
"New Caledonia","NCL","Agricultural irrigated land (% of total agricultural land)","AG.LND.IRIG.AG.ZS","","","","","","","","","","","","","","","","","","","","","","","","","","","","","","","","","","","","","","","","","","","","","","","","","","","","","","","","",
"Niger","NER","Agricultural irrigated land (% of total agricultural land)","AG.LND.IRIG.AG.ZS","","","","","","","","","","","","","","","","","","","","","","","","","","","","","","","","","","","","","","","","","","","","","","0.152705690678459","","","","0.236261477319446","0.1960120049111","0.214805988939346","","","","",
"Nigeria","NGA","Agricultural irrigated land (% of total agricultural land)","AG.LND.IRIG.AG.ZS","","","","","","","","","","","","","","","","","","","","","","","","","","","","","","","","","","","","","","","","","","","","","0.304735376044568","","","","","","","","","","","",
"Nicaragua","NIC","Agricultural irrigated land (% of total agricultural land)","AG.LND.IRIG.AG.ZS","","","","","","","","","","","","","","","","","","","","","","","","","","","","","","","","","","","","","","","","","","","","","","","","","","","","","","","","",
"Netherlands","NLD","Agricultural irrigated land (% of total agricultural land)","AG.LND.IRIG.AG.ZS","","","","","","","","","","","","","","","","","","","","","","","","","","","","","","","","","","","","","","","","","","","","","","","","10.5516088591726","","","","","","","","",
"High income: nonOECD","NOC","Agricultural irrigated land (% of total agricultural land)","AG.LND.IRIG.AG.ZS","","","","","","","","","","","","","","","","","","","","","","","","","","","","","","","","","","","","","","","","","","","","","","","","","","","","","","","","",
"Norway","NOR","Agricultural irrigated land (% of total agricultural land)","AG.LND.IRIG.AG.ZS","","","","","","","","","","","","","","","","","","","","","","","","","","","","","","","","","","","","","","","","","","","","","4.23076923076923","4.15057915057915","5.41062801932367","5.32945736434109","","","4.33399602385686","","1.98025785656728","","","",
"Nepal","NPL","Agricultural irrigated land (% of total agricultural land)","AG.LND.IRIG.AG.ZS","","","","","","","","","","","","","","","","","","","","","","","","","","","","","","","","","","","","","","","","","","27.4114057732927","27.5406743692525","27.6318902294772","27.6908487434803","27.7962874821514","24.6356033452808","25.4200672107537","25.8670520231214","26.4009661835749","29.738245273873","","","","","",
"New Zealand","NZL","Agricultural irrigated land (% of total agricultural land)","AG.LND.IRIG.AG.ZS","","","","","","","","","","","","","","","","","","","","","","","","","","","","","","","","","","","","","","","","","","","3.17381601785272","","","","","4.43109602158962","","","","","","","","",
"High income: OECD","OEC","Agricultural irrigated land (% of total agricultural land)","AG.LND.IRIG.AG.ZS","","","","","","","","","","","","","","","","","","","","","","","","","","","","","","","","","","","","","","","","","","","","","","","","","","","","","","","","",
"OECD members","OED","Agricultural irrigated land (% of total agricultural land)","AG.LND.IRIG.AG.ZS","","","","","","","","","","","","","","","","","","","","","","","","","","","","","","","","","","","","","","","","","","","","","","","","","","","","","","","","",
"Oman","OMN","Agricultural irrigated land (% of total agricultural land)","AG.LND.IRIG.AG.ZS","","","","","","","","","","","","","","","","","","","","","","","","","","","","","","","","","","","","","","","","","","","","","","","","","","5.02035278154681","","","","","","",
"Other small states","OSS","Agricultural irrigated land (% of total agricultural land)","AG.LND.IRIG.AG.ZS","","","","","","","","","","","","","","","","","","","","","","","","","","","","","","","","","","","","","","","","","","","","","","","","","","","","","","","","",
"Pakistan","PAK","Agricultural irrigated land (% of total agricultural land)","AG.LND.IRIG.AG.ZS","","","","","","","","","","","","","","","","","","","","","","","","","","","","","","","","","","","","","","","","","","48.1986368062317","48.7745363843401","49.4815699473427","52.0460535441809","52.773529820659","52.9403625294036","53.0364035209508","54.1726842805766","54.9649913541401","56.9207195959367","51.8421638468388","","","","",
"Panama","PAN","Agricultural irrigated land (% of total agricultural land)","AG.LND.IRIG.AG.ZS","","","","","","","","","","","","","","","","","","","","","","","","","","","","","","","","","","","","","","","","","","","","","","","","","","","","","","","","",
"Peru","PER","Agricultural irrigated land (% of total agricultural land)","AG.LND.IRIG.AG.ZS","","","","","","","","","","","","","","","","","","","","","","","","","","","","","","","","","","","","","","","","","","","","","","","","","","","","","","","","",
"Philippines","PHL","Agricultural irrigated land (% of total agricultural land)","AG.LND.IRIG.AG.ZS","","","","","","","","","","","","","","","","","","","","","","","","","","","","","","","","","","","","","","","","","","","","","","","8.33333333333333","8.2273112807464","9.06744379683597","9.39669421487603","9.10743801652893","9.26590538336052","","","","",
"Palau","PLW","Agricultural irrigated land (% of total agricultural land)","AG.LND.IRIG.AG.ZS","","","","","","","","","","","","","","","","","","","","","","","","","","","","","","","","","","","","","","","","","","","","","","","","","","","","","","","","",
"Papua New Guinea","PNG","Agricultural irrigated land (% of total agricultural land)","AG.LND.IRIG.AG.ZS","","","","","","","","","","","","","","","","","","","","","","","","","","","","","","","","","","","","","","","","","","","","","","","","","","","","","","","","",
"Poland","POL","Agricultural irrigated land (% of total agricultural land)","AG.LND.IRIG.AG.ZS","","","","","","","","","","","","","","","","","","","","","","","","","","","","","","","","","","","","","","","","","","","","","","0.446372438073683","","0.465447023078415","","","0.318361132258288","","","","","",
"Puerto Rico","PRI","Agricultural irrigated land (% of total agricultural land)","AG.LND.IRIG.AG.ZS","","","","","","","","","","","","","","","","","","","","","","","","","","","","","","","","","","","","","","","","","","","7.65765765765766","7.87037037037037","","","","8.34920634920635","","","","","10.6707317073171","","","",
"Korea, Dem. Rep.","PRK","Agricultural irrigated land (% of total agricultural land)","AG.LND.IRIG.AG.ZS","","","","","","","","","","","","","","","","","","","","","","","","","","","","","","","","","","","","","","","","","","","","","","","","","","","","","","","","",
"Portugal","PRT","Agricultural irrigated land (% of total agricultural land)","AG.LND.IRIG.AG.ZS","","","","","","","","","","","","","","","","","","","","","","","","","","","","","","","","","","","","","","","","","","","","","","11.8817063595917","","15.9874007121337","","","12.6733750339951","","","13.1740801757276","","",
"Paraguay","PRY","Agricultural irrigated land (% of total agricultural land)","AG.LND.IRIG.AG.ZS","","","","","","","","","","","","","","","","","","","","","","","","","","","","","","","","","","","","","","","","","","","","","","","","","","","","","","","","",
"Pacific island small states","PSS","Agricultural irrigated land (% of total agricultural land)","AG.LND.IRIG.AG.ZS","","","","","","","","","","","","","","","","","","","","","","","","","","","","","","","","","","","","","","","","","","","","","","","","","","","","","","","","",
"French Polynesia","PYF","Agricultural irrigated land (% of total agricultural land)","AG.LND.IRIG.AG.ZS","","","","","","","","","","","","","","","","","","","","","","","","","","","","","","","","","","","","","","","","","","","","","","","","","","","","","","","","",
"Qatar","QAT","Agricultural irrigated land (% of total agricultural land)","AG.LND.IRIG.AG.ZS","","","","","","","","","","","","","","","","","","","","","","","","","","","","","","","","","","","","","","","","","","","","","","","","","","","","","","","","",
"Romania","ROU","Agricultural irrigated land (% of total agricultural land)","AG.LND.IRIG.AG.ZS","","","","","","","","","","","","","","","","","","","","","","","","","","","","","","","","","","","","","","","","","","2.2097580754156","3.29329194223242","3.84459459459459","2.31422505307856","0.324400564174894","0.687370895362918","2.34776228906823","1.8849933988558","2.17311504294839","0.58844306301215","0.739522242883708","1.20803903007355","1.30097087378641","","",
"Russian Federation","RUS","Agricultural irrigated land (% of total agricultural land)","AG.LND.IRIG.AG.ZS","","","","","","","","","","","","","","","","","","","","","","","","","","","","","","","","","","","","","","","","","","2.06906728272949","2.05214838611407","2.09962224369674","2.09741642744699","2.07436943620178","2.05719111969112","2.01937223560426","1.97082053328631","","","","","","","",
"Rwanda","RWA","Agricultural irrigated land (% of total agricultural land)","AG.LND.IRIG.AG.ZS","","","","","","","","","","","","","","","","","","","","","","","","","","","","","","","","","","","","","","","","","","","","","","0.445341858769421","","","","","","","","","","",
"South Asia","SAS","Agricultural irrigated land (% of total agricultural land)","AG.LND.IRIG.AG.ZS","","","","","","","","","","","","","","","","","","","","","","","","","","","","","","","","","","","","","","","","","","","","","","","","","","","","","","","","",
"Saudi Arabia","SAU","Agricultural irrigated land (% of total agricultural land)","AG.LND.IRIG.AG.ZS","","","","","","","","","","","","","","","","","","","","","","","","","","","","","","","","","","","","","","","","","","","","","","","","","","","","","","","","",
"Sudan","SDN","Agricultural irrigated land (% of total agricultural land)","AG.LND.IRIG.AG.ZS","","","","","","","","","","","","","","","","","","","","","","","","","","","","","","","","","","","","","","","","","","","1.03458156755697","1.13431948264328","1.2334847617419","1.18991273480254","1.07311121401219","0.857153314057754","1.15071178802909","1.04790089368983","","1.36365142051624","","","","",
"Senegal","SEN","Agricultural irrigated land (% of total agricultural land)","AG.LND.IRIG.AG.ZS","","","","","","","","","","","","","","","","","","","","","","","","","","","","","","","","","","","","","","","","","","","0.64","0.625579240037071","0.690687233797629","0.763445761166819","0.742224316682375","","","","","","","","","",
"Singapore","SGP","Agricultural irrigated land (% of total agricultural land)","AG.LND.IRIG.AG.ZS","","","","","","","","","","","","","","","","","","","","","","","","","","","","","","","","","","","","","","","","","","","","","","","","","","","","","","","","",
"Solomon Islands","SLB","Agricultural irrigated land (% of total agricultural land)","AG.LND.IRIG.AG.ZS","","","","","","","","","","","","","","","","","","","","","","","","","","","","","","","","","","","","","","","","","","","","","","","","","","","","","","","","",
"Sierra Leone","SLE","Agricultural irrigated land (% of total agricultural land)","AG.LND.IRIG.AG.ZS","","","","","","","","","","","","","","","","","","","","","","","","","","","","","","","","","","","","","","","","","","","","","","","","","","","","","","","","",
"El Salvador","SLV","Agricultural irrigated land (% of total agricultural land)","AG.LND.IRIG.AG.ZS","","","","","","","","","","","","","","","","","","","","","","","","","","","","","","","","","","","","","","","","","","","","1.83752417794971","1.75155279503106","1.92332268370607","2.20488466757123","1.66223404255319","1.80645161290323","2.03883495145631","1.10749185667752","1.02397926117952","1.25318066157761","1.29582806573957","","",
"San Marino","SMR","Agricultural irrigated land (% of total agricultural land)","AG.LND.IRIG.AG.ZS","","","","","","","","","","","","","","","","","","","","","","","","","","","","","","","","","","","","","","","","","","","","","","","","","","","","","","","","",
"Somalia","SOM","Agricultural irrigated land (% of total agricultural land)","AG.LND.IRIG.AG.ZS","","","","","","","","","","","","","","","","","","","","","","","","","","","","","","","","","","","","","","","","","","","","","","","","","","","","","","","","",
"Serbia","SRB","Agricultural irrigated land (% of total agricultural land)","AG.LND.IRIG.AG.ZS","","","","","","","","","","","","","","","","","","","","","","","","","","","","","","","","","","","","","","","","","","","","","","","0.513225424397947","0.514545814367702","0.514240506329114","0.613254203758655","0.495049504950495","0.671803991306066","1.04908946951702","1.04557111856382","","",
"Sub-Saharan Africa (developing only)","SSA","Agricultural irrigated land (% of total agricultural land)","AG.LND.IRIG.AG.ZS","","","","","","","","","","","","","","","","","","","","","","","","","","","","","","","","","","","","","","","","","","","","","","","","","","","","","","","","",
"South Sudan","SSD","Agricultural irrigated land (% of total agricultural land)","AG.LND.IRIG.AG.ZS","","","","","","","","","","","","","","","","","","","","","","","","","","","","","","","","","","","","","","","","","","","","","","","","","","","","","","","","",
"Sub-Saharan Africa (all income levels)","SSF","Agricultural irrigated land (% of total agricultural land)","AG.LND.IRIG.AG.ZS","","","","","","","","","","","","","","","","","","","","","","","","","","","","","","","","","","","","","","","","","","","","","","","","","","","","","","","","",
"Small states","SST","Agricultural irrigated land (% of total agricultural land)","AG.LND.IRIG.AG.ZS","","","","","","","","","","","","","","","","","","","","","","","","","","","","","","","","","","","","","","","","","","","","","","","","","","","","","","","","",
"Sao Tome and Principe","STP","Agricultural irrigated land (% of total agricultural land)","AG.LND.IRIG.AG.ZS","","","","","","","","","","","","","","","","","","","","","","","","","","","","","","","","","","","","","","","","","","","","","","","","","","","","","","","","",
"Suriname","SUR","Agricultural irrigated land (% of total agricultural land)","AG.LND.IRIG.AG.ZS","","","","","","","","","","","","","","","","","","","","","","","","","","","","","","","","","","","","","","","","","","","","","","","","","","","","","","","","",
"Slovak Republic","SVK","Agricultural irrigated land (% of total agricultural land)","AG.LND.IRIG.AG.ZS","","","","","","","","","","","","","","","","","","","","","","","","","","","","","","","","","","","","","","","","","","4.92239467849224","3.35270451497541","4.20393559928444","2.17166494312306","1.33951571354972","1.28932439401753","1.29533678756477","1.34228187919463","1.03626943005181","0.76104283437034","0.715137067938021","1.28670748158141","0.954109411459684","","",
"Slovenia","SVN","Agricultural irrigated land (% of total agricultural land)","AG.LND.IRIG.AG.ZS","","","","","","","","","","","","","","","","","","","","","","","","","","","","","","","","","","","","","","","","","","0.588235294117647","0.594059405940594","0.588235294117647","0.609756097560976","0.392927308447937","0.610997963340122","0.803212851405622","0.813008130081301","0.854700854700855","0.827643285743844","0.872410032715376","0.416927246195539","0.418322526668061","","",
"Sweden","SWE","Agricultural irrigated land (% of total agricultural land)","AG.LND.IRIG.AG.ZS","","","","","","","","","","","","","","","","","","","","","","","","","","","","","","","","","","","","","","","","","","","","1.68953525134366","","1.51896766169154","","1.72680905323558","","","2.04213938411669","","","","","",
"Swaziland","SWZ","Agricultural irrigated land (% of total agricultural land)","AG.LND.IRIG.AG.ZS","","","","","","","","","","","","","","","","","","","","","","","","","","","","","","","","","","","","","","","","","","","3.66339869281046","","","","","","","","","","","","","",
"Sint Maarten (Dutch part)","SXM","Agricultural irrigated land (% of total agricultural land)","AG.LND.IRIG.AG.ZS","","","","","","","","","","","","","","","","","","","","","","","","","","","","","","","","","","","","","","","","","","","","","","","","","","","","","","","","",
"Seychelles","SYC","Agricultural irrigated land (% of total agricultural land)","AG.LND.IRIG.AG.ZS","","","","","","","","","","","","","","","","","","","","","","","","","","","","","","","","","","","","","","","","","","","","5","","","","","","","","","","","","",
"Syrian Arab Republic","SYR","Agricultural irrigated land (% of total agricultural land)","AG.LND.IRIG.AG.ZS","","","","","","","","","","","","","","","","","","","","","","","","","","","","","","","","","","","","","","","","","","","","9.85303699413596","10.3487953973391","10.3124096037026","10.1030482092671","10.0453335252213","9.75679953950209","8.90135174000575","9.64193270060397","10.0538986704995","10.2578837727175","9.41024351698872","","",
"Turks and Caicos Islands","TCA","Agricultural irrigated land (% of total agricultural land)","AG.LND.IRIG.AG.ZS","","","","","","","","","","","","","","","","","","","","","","","","","","","","","","","","","","","","","","","","","","","","","","","","","","","","","","","","",
"Chad","TCD","Agricultural irrigated land (% of total agricultural land)","AG.LND.IRIG.AG.ZS","","","","","","","","","","","","","","","","","","","","","","","","","","","","","","","","","","","","","","","","","","","","","","","","","","","","","","","","",
"Togo","TGO","Agricultural irrigated land (% of total agricultural land)","AG.LND.IRIG.AG.ZS","","","","","","","","","","","","","","","","","","","","","","","","","","","","","","","","","","","","","","","","","","","","","","","","","","","","","","","","",
"Thailand","THA","Agricultural irrigated land (% of total agricultural land)","AG.LND.IRIG.AG.ZS","","","","","","","","","","","","","","","","","","","","","","","","","","","","","","","","","","","","","","","","","","","","","","","","","","","","","","","","",
"Tajikistan","TJK","Agricultural irrigated land (% of total agricultural land)","AG.LND.IRIG.AG.ZS","","","","","","","","","","","","","","","","","","","","","","","","","","","","","","","","","","","","","","","","","","","","","","","14.9440337909187","15.0348910974836","15.0370213666173","14.7789473684211","","","","","","",
"Turkmenistan","TKM","Agricultural irrigated land (% of total agricultural land)","AG.LND.IRIG.AG.ZS","","","","","","","","","","","","","","","","","","","","","","","","","","","","","","","","","","","","","","","","","","","","","","","","","","","","","","","","",
"Timor-Leste","TLS","Agricultural irrigated land (% of total agricultural land)","AG.LND.IRIG.AG.ZS","","","","","","","","","","","","","","","","","","","","","","","","","","","","","","","","","","","","","","","","","","","7.98618784530387","","","","","","","","","","","","","",
"Tonga","TON","Agricultural irrigated land (% of total agricultural land)","AG.LND.IRIG.AG.ZS","","","","","","","","","","","","","","","","","","","","","","","","","","","","","","","","","","","","","","","","","","","","","","","","","","","","","","","","",
"Trinidad and Tobago","TTO","Agricultural irrigated land (% of total agricultural land)","AG.LND.IRIG.AG.ZS","","","","","","","","","","","","","","","","","","","","","","","","","","","","","","","","","","","","","","","","","","","","","9.09090909090909","","","","","","","","9.25925925925926","","","",
"Tunisia","TUN","Agricultural irrigated land (% of total agricultural land)","AG.LND.IRIG.AG.ZS","","","","","","","","","","","","","","","","","","","","","","","","","","","","","","","","","","","","","","","","","","3.64248868301927","3.67714841749462","3.556827473426","3.62156663275687","3.62377850162866","3.8037935957577","3.88577256501785","4.00769152919745","4.12708141791807","3.89519824666268","3.76290706910246","3.83995162265672","3.94247209091823","","",
"Turkey","TUR","Agricultural irrigated land (% of total agricultural land)","AG.LND.IRIG.AG.ZS","","","","","","","","","","","","","","","","","","","","","","","","","","","","","","","","","","","","","","","","","","","12.658996019031","12.8309221533314","12.6546954622664","12.6507047036848","12.87876916998","13.2008606505506","13.3300955983845","13.4023797897767","13.3676817389521","13.6350563442884","13.5782539641211","13.5725997449444","","",
"Tuvalu","TUV","Agricultural irrigated land (% of total agricultural land)","AG.LND.IRIG.AG.ZS","","","","","","","","","","","","","","","","","","","","","","","","","","","","","","","","","","","","","","","","","","","","","","","","","","","","","","","","",
"Tanzania","TZA","Agricultural irrigated land (% of total agricultural land)","AG.LND.IRIG.AG.ZS","","","","","","","","","","","","","","","","","","","","","","","","","","","","","","","","","","","","","","","","","","","","","","","","","","","","","","","","",
"Uganda","UGA","Agricultural irrigated land (% of total agricultural land)","AG.LND.IRIG.AG.ZS","","","","","","","","","","","","","","","","","","","","","","","","","","","","","","","","","","","","","","","","","","","","","","","","","","","","","","0.0733957682969129","","",
"Ukraine","UKR","Agricultural irrigated land (% of total agricultural land)","AG.LND.IRIG.AG.ZS","","","","","","","","","","","","","","","","","","","","","","","","","","","","","","","","","","","","","","","","","","","","","","","5.27322933824242","5.26825958416129","5.2697859149472","5.26213780405078","5.26086219012771","5.25665560427315","5.24493304598397","5.24530587522714","","",
"Upper middle income","UMC","Agricultural irrigated land (% of total agricultural land)","AG.LND.IRIG.AG.ZS","","","","","","","","","","","","","","","","","","","","","","","","","","","","","","","","","","","","","","","","","","","","","","","","","","","","","","","","",
"Uruguay","URY","Agricultural irrigated land (% of total agricultural land)","AG.LND.IRIG.AG.ZS","","","","","","","","","","","","","","","","","","","","","","","","","","","","","","","","","","","","","","","","","","","","","","","1.15005103776795","1.07903780068729","1.22665939757394","1.16781422978264","1.23328483336798","1.37684152554041","1.40548137737175","","","",
"United States","USA","Agricultural irrigated land (% of total agricultural land)","AG.LND.IRIG.AG.ZS","","","","","","","","","","","","","","","","","","","","","","","","","","","","","","","","","","","","","","","","","","","5.41901497104565","","","","","5.54815994667411","5.37825365111056","","","","5.52719371969861","","","",
"Uzbekistan","UZB","Agricultural irrigated land (% of total agricultural land)","AG.LND.IRIG.AG.ZS","","","","","","","","","","","","","","","","","","","","","","","","","","","","","","","","","","","","","","","","","","","","","","","","","","","","","","","","",
"St. Vincent and the Grenadines","VCT","Agricultural irrigated land (% of total agricultural land)","AG.LND.IRIG.AG.ZS","","","","","","","","","","","","","","","","","","","","","","","","","","","","","","","","","","","","","","","","","","","","","","","","","","","","","","","","",
"Venezuela, RB","VEN","Agricultural irrigated land (% of total agricultural land)","AG.LND.IRIG.AG.ZS","","","","","","","","","","","","","","","","","","","","","","","","","","","","","","","","","","","","","","","","","","","","","","","","3.16805046616262","","","","","","","","",
"Virgin Islands (U.S.)","VIR","Agricultural irrigated land (% of total agricultural land)","AG.LND.IRIG.AG.ZS","","","","","","","","","","","","","","","","","","","","","","","","","","","","","","","","","","","","","","","","","","","","","","","","","","","","","","","","",
"Vietnam","VNM","Agricultural irrigated land (% of total agricultural land)","AG.LND.IRIG.AG.ZS","","","","","","","","","","","","","","","","","","","","","","","","","","","","","","","","","","","","","","","","","","","","","","","","","","","","","","","","",
"Vanuatu","VUT","Agricultural irrigated land (% of total agricultural land)","AG.LND.IRIG.AG.ZS","","","","","","","","","","","","","","","","","","","","","","","","","","","","","","","","","","","","","","","","","","","","","","","","","","","","","","","","",
"West Bank and Gaza","PSE","Agricultural irrigated land (% of total agricultural land)","AG.LND.IRIG.AG.ZS","","","","","","","","","","","","","","","","","","","","","","","","","","","","","","","","","","","","","","","","","","4.41734417344173","4.37837837837838","4.19618528610354","4.30517711171662","4.23309510720176","4.61280402571988","5.00707213578501","4.85436893203883","","5.15297906602254","5.5278310940499","","","","",
"World","WLD","Agricultural irrigated land (% of total agricultural land)","AG.LND.IRIG.AG.ZS","","","","","","","","","","","","","","","","","","","","","","","","","","","","","","","","","","","","","","","","","","","","","","","","","","","","","","","","",
"Samoa","WSM","Agricultural irrigated land (% of total agricultural land)","AG.LND.IRIG.AG.ZS","","","","","","","","","","","","","","","","","","","","","","","","","","","","","","","","","","","","","","","","","","","","","","","","","","","","","","","","",
"Yemen, Rep.","YEM","Agricultural irrigated land (% of total agricultural land)","AG.LND.IRIG.AG.ZS","","","","","","","","","","","","","","","","","","","","","","","","","","","","","","","","","","","","","","","","","","","2.88298951640176","1.9961693977442","2.86539032983826","3.04808060196404","3.2674482583485","","","","","","","","","",
"South Africa","ZAF","Agricultural irrigated land (% of total agricultural land)","AG.LND.IRIG.AG.ZS","","","","","","","","","","","","","","","","","","","","","","","","","","","","","","","","","","","","","","","","","","","","","","","","","","","1.58735073433033","1.66123643306286","","","","",
"Congo, Dem. Rep.","COD","Agricultural irrigated land (% of total agricultural land)","AG.LND.IRIG.AG.ZS","","","","","","","","","","","","","","","","","","","","","","","","","","","","","","","","","","","","","","","","","","","","","","","","","","","","","","","","",
"Zambia","ZMB","Agricultural irrigated land (% of total agricultural land)","AG.LND.IRIG.AG.ZS","","","","","","","","","","","","","","","","","","","","","","","","","","","","","","","","","","","","","","","","","","","","","","","","","","","","","","","","",
"Zimbabwe","ZWE","Agricultural irrigated land (% of total agricultural land)","AG.LND.IRIG.AG.ZS","","","","","","","","","","","","","","","","","","","","","","","","","","","","","","","","","","","","","","","","","","","","","","","","","","","","","","","","",
